name,age,city
Joel Garcia,47,Ebhunwok
Victoria Lynch,22,Ninginsaz
Lola Vega,48,Jiregvi
Jeanette Bailey,32,Katiblen
Lucinda Reynolds,20,Fofirow
Hunter Wong,24,Udzabvof
Jackson Austin,36,Radadi
Sadie Hansen,37,Kirpozejo
Flora West,47,Daltizmup
Bess Simon,52,Voshohule
Randy Carr,54,Ficfenaz
Ophelia Rose,20,Cuhropwe
Iva Shelton,20,Hodunke
Laura Guerrero,50,Ruwfipa
Noah Wallace,55,Lujlopge
Myra Rose,19,Eddalja
Rena McCoy,24,Nufuuw
Jackson Neal,59,Cucibemen
Sally Byrd,62,Fapakpig
Vernon Hughes,38,Podenekov
Harold Cruz,24,Sapniso
Blanche Schneider,50,Tacnudhip
Dora Castro,49,Utobesdek
Sophie Bowman,38,Lenotefu
Nettie Pope,62,Ikovozi
Lizzie Goodwin,64,Jotbatos
Ivan Bryan,19,Sakukiw
Mary Garza,48,Consoko
Harriett Stephens,50,Mukwejho
Curtis Sullivan,41,Diosomu
Cordelia Wright,46,Epulawec
Max Torres,40,Vokummo
Stanley McLaughlin,32,Cizorop
Rosetta Francis,56,Diwelor
Cordelia Guerrero,61,Mapvutul
Vernon Lamb,34,Gafocu
Pearl Munoz,19,Zugageak
Leona Jennings,51,Wefedu
Brett McLaughlin,19,Vugajav
Miguel Summers,50,Ebcoaza
Herbert Black,36,Zijedo
Shane Pittman,34,Cecjoko
Isabel Hudson,22,Pipina
Christine Mason,40,Revodhu
Eva Higgins,30,Cansuru
Chris Beck,37,Anwewvi
Adelaide Weber,19,Bociro
Mattie Carlson,49,Persaffad
Arthur Long,30,Atcecref
Jeffery Lamb,27,Pusizo
Joseph Fisher,59,Kuvupopa
Ellen Daniel,63,Ovepva
Barbara Singleton,24,Otwumim
Della Armstrong,28,Rilzauw
Bryan Matthews,60,Galokafu
Robert Perez,29,Jedinadu
Margaret Barker,50,Ofubunap
Jim Barnes,51,Unujazot
Alma Allison,63,Faanodo
Amanda Klein,26,Uppubjeh
Jason Hawkins,19,Jubive
Dominic Yates,33,Hodlefac
Claudia Long,45,Tuhehtov
Franklin Lane,31,Rokodfeb
Manuel Payne,62,Kazokhe
Elsie Chapman,28,Dimagol
Alta Ortega,46,Tinaloavi
Ray Coleman,30,Laghajo
Frederick Richardson,44,Woadasi
Chris Obrien,40,Etzagi
Scott Jordan,44,Utiteja
Travis Francis,60,Adeledho
Jackson Rodriquez,20,Pifajzur
Tillie Gregory,19,Udlugdow
Francis Bowman,47,Ficoij
Kevin Parsons,53,Mogape
Elijah Stevens,39,Gemlair
Laura Lambert,39,Idzoov
Gordon Brooks,50,Jacipnac
Mamie Logan,19,Fihiwoki
Dora Ballard,60,Arepke
John Ray,48,Wovachis
Millie Cross,62,Donavi
Dennis Holloway,63,Hejzusguc
Celia Richardson,22,Dehotu
Jonathan Hodges,54,Ultecfa
Jesse Walker,46,Wipejo
Delia Alvarez,54,Beodaiku
Christina Houston,55,Pawirowo
Jack Howard,52,Opdalor
Augusta Lowe,28,Ehetajeg
Jane Tucker,54,Remrelmel
Mike Daniel,52,Hablashak
Marion Guzman,34,Sujtahvin
Kevin Sims,52,Pewohdu
Ryan Schwartz,55,Lucroncu
Johanna Reynolds,24,Waodzu
Glenn Hines,30,Totilo
Johnny Parker,35,Mewvushuv
Barry Hunter,42,Asfijni

